{"cameraMode":{"drawMode":0,"name":"Shaded","section":"Shading Mode"},"sceneLighting":true,"audioPlay":false,"sceneViewState":{"m_AlwaysRefresh":false,"showFog":true,"showSkybox":true,"showFlares":true,"showImageEffects":true,"showParticleSystems":true,"showVisualEffectGraphs":true,"m_FxEnabled":true},"in2DMode":false,"pivot":{"x":810.5191650390625,"y":552.3870239257813,"z":-49.0984992980957},"rotation":{"x":0.14529438316822053,"y":-0.005938300862908363,"z":0.0008719408651813865,"w":0.9893919229507446},"size":620.4545288085938,"orthographic":true}